"bolt","total_messages","total_time","date"
"CstoneAuditMessageBolt","40.0","84238.74200000001","20150919"
"VitalSignBolt","17396.0","346009.4050000002","20150919"
"DVMaxDataExtractorBolt","953.0","259269.60000000003","20150919"
"CornerstoneDataExtractorBolt","67935.0","865603.2419999994","20150919"
"PracticePatientBolt","7038.0","172641.9060000001","20150919"
"ExtractMessagePreProcessorBolt","69467.0","86428.42899999999","20150919"
"PracticePetOwnerBolt","6120.0","172422.554","20150919"
"AvimarkDataExtractorBolt","540.0","259252.93300000008","20150919"
"EntityMapDiscriminatorBolt","412077.0","259287.189","20150919"
"FieldStandardizerBolt","1331529.0","345717.452","20150919"
"PetOwnerPatientBolt","12666.0","345807.297","20150919"
"MedicalNoteFileProcessorBolt","404.0","527504.75","20150919"
"ReminderTypeBolt","51.0","174732.94100000002","20150919"
"MedicalNoteBolt","267.0","178597.039","20150919"
"VaccinationPimsBolt","4665.0","345324.1730000001","20150919"
"CornerstoneEncryptedFileProcessorBolt","420.0","1432281.8199999998","20150919"
"ProductBolt","1968.0","85856.041","20150919"
"SoftwareDiscriminatorBolt","69437.0","86418.582","20150919"
"PracticeExtractMessageBolt","32462.0","86478.31099999997","20150919"
"HashWriterBolt","158240.0","259292.78500000003","20150919"
"PersistedMessageFilterBolt","2.263903145E9","2159760.6149999625","20150919"
"MedicalNoteAttachmentBolt","350.0","180654.57299999995","20150919"
"PracticeLogoFileProcessorBolt","4948.0","86510.48100000001","20150919"
"TransactionBolt","17583.0","2243498.3220000006","20150919"
"StaffMemberBolt","35.0","84856.62799999998","20150919"
"DataLimitingBolt","4.980706426E9","2159778.0839999695","20150919"
"ItemReminderTypeBolt","42.0","165810.663","20150919"
"MedicalReminderBolt","14937.0","345581.52999999985","20150919"
"AppointmentBolt","15969.0","345586.45800000004","20150919"
"PrescriptionBolt","13582.0","345631.48099999997","20150919"
"AmqpQueueWriterBolt","410207.0","2506946.5130000007","20150919"
"PracticeBolt","661.0","86280.67500000002","20150919"
"LabResultHeaderBolt","12230.0","346036.40099999995","20150919"
"FieldMapperBolt","1331532.0","259315.93700000003","20150919"
"PersistenceRoutingBolt","1331535.0","691557.9850000001","20150919"
"PracticePatientImageBolt","913.0","86273.33399999999","20150919"
"PetPictureFileProcessorBolt","206.0","493926.0050000002","20150920"
"CstoneAuditMessageBolt","44.0","85980.88299999999","20150920"
"VitalSignBolt","9034.0","345183.5540000001","20150920"
"DVMaxDataExtractorBolt","953.0","258808.985","20150920"
"CornerstoneDataExtractorBolt","64896.0","861029.0169999999","20150920"
"PracticePatientBolt","2213.0","172501.106","20150920"
"PracticePetOwnerBolt","2604.0","171554.32499999992","20150920"
"ExtractMessagePreProcessorBolt","66382.0","86100.55900000001","20150920"
"EntityMapDiscriminatorBolt","225617.0","258177.47500000006","20150920"
"AvimarkDataExtractorBolt","520.0","257919.792","20150920"
"FieldStandardizerBolt","1118019.0","344185.634","20150920"
"PetOwnerPatientBolt","8778.0","345364.874","20150920"
"MedicalNoteFileProcessorBolt","170.0","505633.459","20150920"
"ReminderTypeBolt","8.0","158985.089","20150920"
"VaccinationPimsBolt","597.0","341151.6610000001","20150920"
"MedicalNoteBolt","272.0","165726.93399999998","20150920"
"CornerstoneEncryptedFileProcessorBolt","168.0","1348678.6000000003","20150920"
"ProductBolt","436.0","86558.97","20150920"
"SoftwareDiscriminatorBolt","66348.0","86066.62599999999","20150920"
"PracticeExtractMessageBolt","31899.0","86071.98700000001","20150920"
"HashWriterBolt","88046.0","258168.39","20150920"
"PersistedMessageFilterBolt","2.21363071E9","2151797.3989999495","20150920"
"MedicalNoteAttachmentBolt","207.0","161273.78999999998","20150920"
"PracticeLogoFileProcessorBolt","4834.0","86149.00700000001","20150920"
"TransactionBolt","5602.0","2240939.523","20150920"
"StaffMemberBolt","24.0","76472.923","20150920"
"DataLimitingBolt","4.867478629E9","2151858.817999961","20150920"
"ItemReminderTypeBolt","27.0","155782.071","20150920"
"MedicalReminderBolt","10245.0","344865.8610000001","20150920"
"AppointmentBolt","6070.0","345623.58300000004","20150920"
"AmqpQueueWriterBolt","224680.0","2497158.874","20150920"
"PrescriptionBolt","3449.0","345707.1510000002","20150920"
"PracticeBolt","135.0","85814.222","20150920"
"LabResultHeaderBolt","6654.0","343850.723","20150920"
"PersistenceRoutingBolt","1118016.0","688366.4790000002","20150920"
"FieldMapperBolt","1118168.0","258103.40099999998","20150920"
"PracticePatientImageBolt","209.0","85807.797","20150920"
"PetPictureFileProcessorBolt","2492.0","544445.815","20150921"
"CstoneAuditMessageBolt","111.0","86518.05699999999","20150921"
"VitalSignBolt","22055.0","345793.27900000004","20150921"
"DVMaxDataExtractorBolt","992.0","259684.05799999987","20150921"
"CornerstoneDataExtractorBolt","67898.0","863554.1549999998","20150921"
"ExtractMessagePreProcessorBolt","69431.0","86328.91100000001","20150921"
"PracticePatientBolt","12958.0","172652.02199999997","20150921"
"PracticePetOwnerBolt","11262.0","172660.111","20150921"
"EntityMapDiscriminatorBolt","645625.0","258969.35599999997","20150921"
"AvimarkDataExtractorBolt","536.0","259756.935","20150921"
"FieldStandardizerBolt","3113904.0","345329.5060000001","20150921"
"PetOwnerPatientBolt","17079.0","345510.057","20150921"
"ReminderTypeBolt","203.0","187411.46500000003","20150921"
"MedicalNoteFileProcessorBolt","770.0","540532.806","20150921"
"MedicalNoteBolt","553.0","180108.05699999997","20150921"
"VaccinationPimsBolt","7065.0","350931.96400000004","20150921"
"CornerstoneEncryptedFileProcessorBolt","762.0","1437989.366","20150921"
"ProductBolt","3872.0","86709.54000000001","20150921"
"PracticeExtractMessageBolt","31952.0","86304.432","20150921"
"SoftwareDiscriminatorBolt","69429.0","86358.68700000003","20150921"
"HashWriterBolt","226777.0","258980.93000000005","20150921"
"PersistedMessageFilterBolt","2.258973808E9","2158589.9839999313","20150921"
"MedicalNoteAttachmentBolt","698.0","184611.913","20150921"
"PracticeLogoFileProcessorBolt","4974.0","86398.24900000001","20150921"
"PracticeImageBolt","2.0","236926.433","20150921"
"TransactionBolt","31777.0","2255754.468000001","20150921"
"StaffMemberBolt","196.0","96972.56199999999","20150921"
"DataLimitingBolt","4.969739441E9","2158581.3889999483","20150921"
"MedicalReminderBolt","26916.0","345222.00600000005","20150921"
"ItemReminderTypeBolt","181.0","193708.99799999996","20150921"
"AppointmentBolt","22932.0","345536.328","20150921"
"AmqpQueueWriterBolt","631724.0","2504457.1149999998","20150921"
"PrescriptionBolt","21892.0","345578.159","20150921"
"PracticeBolt","1099.0","86899.459","20150921"
"LabResultHeaderBolt","14019.0","345751.58099999995","20150921"
"PersistenceRoutingBolt","3115392.0","690680.2499999999","20150921"
"FieldMapperBolt","3110648.0","259006.30700000003","20150921"
"PracticePatientImageBolt","1390.0","86649.63599999998","20150921"
"PetPictureFileProcessorBolt","4362.0","517854.7520000002","20150922"
"CstoneAuditMessageBolt","124.0","86501.989","20150922"
"DVMaxDataExtractorBolt","913.0","258506.14400000003","20150922"
"VitalSignBolt","23556.0","345029.22199999983","20150922"
"CornerstoneDataExtractorBolt","68393.0","862720.1769999998","20150922"
"PracticePetOwnerBolt","10922.0","172907.15699999995","20150922"
"PracticePatientBolt","13791.0","172788.50499999998","20150922"
"ExtractMessagePreProcessorBolt","69854.0","86264.313","20150922"
"EntityMapDiscriminatorBolt","638394.0","258884.04300000006","20150922"
"AvimarkDataExtractorBolt","542.0","257426.92700000005","20150922"
"FieldStandardizerBolt","3263684.0","345144.33200000005","20150922"
"PetOwnerPatientBolt","17859.0","345511.4409999999","20150922"
"MedicalNoteFileProcessorBolt","704.0","527502.3850000001","20150922"
"ReminderTypeBolt","172.0","171819.92700000003","20150922"
"MedicalNoteBolt","546.0","175274.977","20150922"
"VaccinationPimsBolt","7983.0","345488.81000000006","20150922"
"CornerstoneEncryptedFileProcessorBolt","704.0","1402948.1440000003","20150922"
"ProductBolt","4154.0","86313.042","20150922"
"PracticeExtractMessageBolt","31949.0","86294.37200000002","20150922"
"SoftwareDiscriminatorBolt","69873.0","86283.06100000002","20150922"
"HashWriterBolt","233808.0","258895.166","20150922"
"PersistedMessageFilterBolt","2.265224019E9","2156740.2529999423","20150922"
"MedicalNoteAttachmentBolt","824.0","175307.66899999997","20150922"
"PracticeLogoFileProcessorBolt","4968.0","86271.812","20150922"
"PracticeImageBolt","1.0","95136.666","20150922"
"TransactionBolt","36879.0","2242329.8039999995","20150922"
"StaffMemberBolt","184.0","86342.85200000001","20150922"
"DataLimitingBolt","4.986663331E9","2156674.338999949","20150922"
"ItemReminderTypeBolt","165.0","172702.556","20150922"
"MedicalReminderBolt","21578.0","345305.605","20150922"
"AppointmentBolt","24575.0","344683.897","20150922"
"PrescriptionBolt","20908.0","344933.134","20150922"
"AmqpQueueWriterBolt","627316.0","2501812.362","20150922"
"PracticeBolt","1091.0","86766.05099999998","20150922"
"LabResultHeaderBolt","16816.0","345524.521","20150922"
"PersistenceRoutingBolt","3263551.0","690191.1370000005","20150922"
"FieldMapperBolt","3263577.0","258829.0070000001","20150922"
"PracticePatientImageBolt","1243.0","86434.25799999999","20150922"
"PetPictureFileProcessorBolt","13012.0","519666.59299999994","20150923"
"CstoneAuditMessageBolt","115.0","86584.98400000003","20150923"
"DVMaxDataExtractorBolt","878.0","259710.93699999995","20150923"
"VitalSignBolt","21526.0","345534.22299999994","20150923"
"CornerstoneDataExtractorBolt","68247.0","863939.8089999997","20150923"
"PracticePetOwnerBolt","9965.0","172865.985","20150923"
"ExtractMessagePreProcessorBolt","69691.0","86393.99999999999","20150923"
"PracticePatientBolt","12469.0","172677.83800000002","20150923"
"EntityMapDiscriminatorBolt","565731.0","259182.96500000005","20150923"
"AvimarkDataExtractorBolt","554.0","260414.87300000005","20150923"
"FieldStandardizerBolt","2165089.0","345578.79800000007","20150923"
"PetOwnerPatientBolt","16707.0","345478.57600000006","20150923"
"ReminderTypeBolt","191.0","177800.857","20150923"
"MedicalNoteFileProcessorBolt","632.0","512301.76700000005","20150923"
"MedicalNoteBolt","642.0","170848.70600000006","20150923"
"VaccinationPimsBolt","7412.0","345395.5839999999","20150923"
"CornerstoneEncryptedFileProcessorBolt","632.0","1370547.435","20150923"
"ProductBolt","3830.0","86404.799","20150923"
"PracticeExtractMessageBolt","32070.0","86399.35299999999","20150923"
"SoftwareDiscriminatorBolt","69642.0","86367.566","20150923"
"HashWriterBolt","209433.0","259188.49000000014","20150923"
"PersistedMessageFilterBolt","2.268030516E9","2159693.9329999667","20150923"
"MedicalNoteAttachmentBolt","791.0","170868.08099999995","20150923"
"PracticeLogoFileProcessorBolt","4972.0","86349.42400000001","20150923"
"TransactionBolt","25859.0","2246284.4309999994","20150923"
"StaffMemberBolt","100.0","87240.42299999998","20150923"
"DataLimitingBolt","5.001483676E9","2159764.996999963","20150923"
"MedicalReminderBolt","20035.0","345390.55500000005","20150923"
"ItemReminderTypeBolt","136.0","179535.819","20150923"
"AppointmentBolt","22468.0","345759.49899999995","20150923"
"PrescriptionBolt","18684.0","345558.955","20150923"
"AmqpQueueWriterBolt","562868.0","2505304.6160000013","20150923"
"PracticeBolt","1018.0","86349.53900000002","20150923"
"LabResultHeaderBolt","15511.0","345460.3079999999","20150923"
"FieldMapperBolt","2163514.0","259182.98100000012","20150923"
"PersistenceRoutingBolt","2165120.0","691171.6170000001","20150923"
"PracticePatientImageBolt","1280.0","86714.861","20150923"
"PetPictureFileProcessorBolt","6382.0","517461.21799999994","20150924"
"CstoneAuditMessageBolt","132.0","87490.90500000001","20150924"
"VitalSignBolt","22653.0","345778.477","20150924"
"DVMaxDataExtractorBolt","929.0","259243.40499999994","20150924"
"CornerstoneDataExtractorBolt","68354.0","864137.7080000001","20150924"
"PracticePetOwnerBolt","12033.0","172604.43500000003","20150924"
"ExtractMessagePreProcessorBolt","69838.0","86393.31999999998","20150924"
"PracticePatientBolt","13981.0","172871.718","20150924"
"EntityMapDiscriminatorBolt","650312.0","259181.60100000008","20150924"
"AvimarkDataExtractorBolt","550.0","259225.27899999995","20150924"
"FieldStandardizerBolt","3498413.0","345565.5650000002","20150924"
"PetOwnerPatientBolt","19199.0","345780.2860000002","20150924"
"MedicalNoteFileProcessorBolt","576.0","495268.9950000001","20150924"
"ReminderTypeBolt","177.0","171102.21100000004","20150924"
"MedicalNoteBolt","473.0","173375.63000000003","20150924"
"VaccinationPimsBolt","9050.0","345597.33200000005","20150924"
"CornerstoneEncryptedFileProcessorBolt","574.0","1307017.745","20150924"
"ProductBolt","4335.0","86294.121","20150924"
"PracticeExtractMessageBolt","31502.0","86403.26500000001","20150924"
"SoftwareDiscriminatorBolt","69830.0","86389.674","20150924"
"HashWriterBolt","234149.0","259188.809","20150924"
"PersistedMessageFilterBolt","2.282172265E9","2159626.639999953","20150924"
"MedicalNoteAttachmentBolt","651.0","163928.14300000004","20150924"
"PracticeLogoFileProcessorBolt","5000.0","86442.38300000002","20150924"
"PracticeImageBolt","1.0","149447.647","20150924"
"TransactionBolt","34859.0","2246148.9679999994","20150924"
"StaffMemberBolt","177.0","81327.572","20150924"
"DataLimitingBolt","5.026609224E9","2159710.956999957","20150924"
"ItemReminderTypeBolt","167.0","171421.29600000003","20150924"
"MedicalReminderBolt","20759.0","345766.86999999994","20150924"
"AppointmentBolt","25140.0","345415.456","20150924"
"AmqpQueueWriterBolt","644439.0","2505519.5679999995","20150924"
"PrescriptionBolt","19783.0","345657.6009999999","20150924"
"PracticeBolt","1056.0","86396.34500000002","20150924"
"LabResultHeaderBolt","17844.0","345493.61000000004","20150924"
"PersistenceRoutingBolt","3498365.0","691109.1610000005","20150924"
"FieldMapperBolt","3498328.0","259165.01399999997","20150924"
"PracticePatientImageBolt","1335.0","86397.86300000001","20150924"
"PetPictureFileProcessorBolt","3112.0","519172.035","20150925"
"CstoneAuditMessageBolt","69.0","85523.638","20150925"
"DVMaxDataExtractorBolt","999.0","259722.96100000004","20150925"
"VitalSignBolt","22652.0","345463.26900000003","20150925"
"CornerstoneDataExtractorBolt","68936.0","863689.295","20150925"
"PracticePetOwnerBolt","9057.0","172915.58000000002","20150925"
"ExtractMessagePreProcessorBolt","70492.0","86421.033","20150925"
"PracticePatientBolt","11226.0","172616.58199999997","20150925"
"EntityMapDiscriminatorBolt","566655.0","259257.46300000008","20150925"
"AvimarkDataExtractorBolt","548.0","258037.06000000008","20150925"
"FieldStandardizerBolt","1996905.0","345644.61000000004","20150925"
"PetOwnerPatientBolt","15322.0","345491.675","20150925"
"MedicalNoteFileProcessorBolt","692.0","535271.99","20150925"
"ReminderTypeBolt","138.0","171564.80799999993","20150925"
"MedicalNoteBolt","438.0","169221.74700000003","20150925"
"VaccinationPimsBolt","6833.0","345466.38700000005","20150925"
"CornerstoneEncryptedFileProcessorBolt","692.0","1447356.5159999998","20150925"
"ProductBolt","3866.0","86421.10599999999","20150925"
"PracticeExtractMessageBolt","32292.0","86442.18700000003","20150925"
"SoftwareDiscriminatorBolt","70488.0","86392.16800000003","20150925"
"HashWriterBolt","207479.0","259268.77099999998","20150925"
"PersistedMessageFilterBolt","2.286879932E9","2159718.5889999764","20150925"
"MedicalNoteAttachmentBolt","638.0","177902.97099999993","20150925"
"PracticeLogoFileProcessorBolt","5000.0","86314.94599999997","20150925"
"PracticeImageBolt","1.0","117094.776","20150925"
"TransactionBolt","26073.0","2245059.32","20150925"
"StaffMemberBolt","105.0","91783.81400000001","20150925"
"DataLimitingBolt","5.036681336E9","2159775.088999974","20150925"
"ItemReminderTypeBolt","146.0","172787.318","20150925"
"MedicalReminderBolt","20094.0","345205.07699999993","20150925"
"AppointmentBolt","23096.0","345624.347","20150925"
"AmqpQueueWriterBolt","551860.0","2505313.2570000016","20150925"
"PrescriptionBolt","19073.0","345649.5129999999","20150925"
"PracticeBolt","1044.0","86326.84","20150925"
"LabResultHeaderBolt","15150.0","345897.6979999999","20150925"
"FieldMapperBolt","1996969.0","259233.62100000013","20150925"
"PersistenceRoutingBolt","1996910.0","691325.2880000005","20150925"
"PracticePatientImageBolt","1177.0","86220.94","20150925"
"PetPictureFileProcessorBolt","4006.0","518465.94","20150926"
"CstoneAuditMessageBolt","34.0","86222.981","20150926"
"DVMaxDataExtractorBolt","1026.0","259543.88999999998","20150926"
"VitalSignBolt","17060.0","345125.41000000003","20150926"
"CornerstoneDataExtractorBolt","68000.0","864197.1680000001","20150926"
"PracticePatientBolt","7088.0","172943.598","20150926"
"PracticePetOwnerBolt","5468.0","172461.77400000003","20150926"
"ExtractMessagePreProcessorBolt","69553.0","86391.029","20150926"
"AvimarkDataExtractorBolt","532.0","260036.05999999997","20150926"
"EntityMapDiscriminatorBolt","395989.0","259196.73199999996","20150926"
"FieldStandardizerBolt","1298312.0","345581.6920000001","20150926"
"PetOwnerPatientBolt","12599.0","344789.779","20150926"
"ReminderTypeBolt","57.0","165729.97900000002","20150926"
"MedicalNoteFileProcessorBolt","444.0","510805.03800000006","20150926"
"MedicalNoteBolt","447.0","177125.09499999997","20150926"
"VaccinationPimsBolt","4596.0","344040.1290000001","20150926"
"CornerstoneEncryptedFileProcessorBolt","448.0","1342817.4549999998","20150926"
"ProductBolt","1888.0","86076.93399999998","20150926"
"SoftwareDiscriminatorBolt","69553.0","86386.74299999996","20150926"
"PracticeExtractMessageBolt","32126.0","86391.07200000003","20150926"
"HashWriterBolt","156579.0","259202.92","20150926"
"PersistedMessageFilterBolt","2.266070172E9","2159739.8219999233","20150926"
"MedicalNoteAttachmentBolt","480.0","177803.38199999998","20150926"
"PracticeLogoFileProcessorBolt","4946.0","86356.83299999998","20150926"
"TransactionBolt","17181.0","2241286.466000001","20150926"
"StaffMemberBolt","21.0","75693.836","20150926"
"DataLimitingBolt","4.979949447E9","2159820.3119999464","20150926"
"ItemReminderTypeBolt","42.0","164289.752","20150926"
"MedicalReminderBolt","15428.0","345307.881","20150926"
"AppointmentBolt","15998.0","345217.207","20150926"
"PrescriptionBolt","13327.0","345026.61900000006","20150926"
"AmqpQueueWriterBolt","393576.0","2505208.115000001","20150926"
"PracticeBolt","682.0","85928.93299999998","20150926"
"LabResultHeaderBolt","12095.0","345349.7900000001","20150926"
"PersistenceRoutingBolt","1298331.0","691169.9020000002","20150926"
"FieldMapperBolt","1298324.0","259199.79000000018","20150926"
"PracticePatientImageBolt","952.0","85864.773","20150926"
"PetPictureFileProcessorBolt","244.0","490462.01399999997","20150927"
"CstoneAuditMessageBolt","9.0","71446.808","20150927"
"VitalSignBolt","9011.0","345815.13399999985","20150927"
"DVMaxDataExtractorBolt","1029.0","258212.697","20150927"
"CornerstoneDataExtractorBolt","66522.0","863985.8889999997","20150927"
"PracticePatientBolt","2199.0","172656.06400000004","20150927"
"ExtractMessagePreProcessorBolt","68088.0","86401.156","20150927"
"PracticePetOwnerBolt","2141.0","172822.28200000004","20150927"
"AvimarkDataExtractorBolt","537.0","259274.21799999994","20150927"
"EntityMapDiscriminatorBolt","214689.0","259197.76100000003","20150927"
"FieldStandardizerBolt","1122291.0","345603.559","20150927"
"PetOwnerPatientBolt","9339.0","345849.53899999993","20150927"
"ReminderTypeBolt","17.0","168115.328","20150927"
"MedicalNoteFileProcessorBolt","90.0","527247.138","20150927"
"VaccinationPimsBolt","616.0","342315.695","20150927"
"MedicalNoteBolt","75.0","170558.807","20150927"
"CornerstoneEncryptedFileProcessorBolt","88.0","1399041.389","20150927"
"ProductBolt","521.0","86720.19100000002","20150927"
"PracticeExtractMessageBolt","31858.0","86396.73599999996","20150927"
"SoftwareDiscriminatorBolt","68084.0","86400.17499999997","20150927"
"PersistedMessageFilterBolt","2.272423742E9","2159749.92999992","20150927"
"HashWriterBolt","88774.0","259201.22499999998","20150927"
"PracticeLogoFileProcessorBolt","4952.0","86389.346","20150927"
"MedicalNoteAttachmentBolt","41.0","172620.66400000005","20150927"
"TransactionBolt","5981.0","2245997.001","20150927"
"StaffMemberBolt","8.0","95460.714","20150927"
"DataLimitingBolt","5.000055408E9","2159786.5639999383","20150927"
"ItemReminderTypeBolt","8.0","170177.764","20150927"
"MedicalReminderBolt","10293.0","346349.66400000005","20150927"
"AppointmentBolt","6269.0","345854.864","20150927"
"AmqpQueueWriterBolt","214336.0","2506395.233000002","20150927"
"PrescriptionBolt","3547.0","345412.984","20150927"
"PracticeBolt","113.0","86174.59499999999","20150927"
"LabResultHeaderBolt","6730.0","345754.1350000001","20150927"
"PersistenceRoutingBolt","1122502.0","691253.896","20150927"
"FieldMapperBolt","1122312.0","259198.23599999998","20150927"
"PracticePatientImageBolt","205.0","85473.535","20150927"
"PetPictureFileProcessorBolt","1742.0","545766.954","20150928"
"CstoneAuditMessageBolt","124.0","103205.811","20150928"
"DVMaxDataExtractorBolt","1018.0","259796.176","20150928"
"VitalSignBolt","23848.0","345497.747","20150928"
"CornerstoneDataExtractorBolt","67645.0","863950.7630000003","20150928"
"PracticePatientBolt","12833.0","172745.29299999998","20150928"
"ExtractMessagePreProcessorBolt","69230.0","86397.65499999998","20150928"
"PracticePetOwnerBolt","11048.0","173102.506","20150928"
"EntityMapDiscriminatorBolt","1786788.0","258911.9320000001","20150928"
"AvimarkDataExtractorBolt","550.0","259128.614","20150928"
"FieldStandardizerBolt","3674125.0","345095.90200000006","20150928"
"PetOwnerPatientBolt","21864.0","345926.67","20150928"
"MedicalNoteFileProcessorBolt","718.0","521658.8080000001","20150928"
"ReminderTypeBolt","161.0","186314.136","20150928"
"MedicalNoteBolt","689.0","174697.62000000002","20150928"
"VaccinationPimsBolt","11522.0","350346.755","20150928"
"CornerstoneEncryptedFileProcessorBolt","720.0","1415582.1689999995","20150928"
"ProductBolt","3866.0","86437.831","20150928"
"SoftwareDiscriminatorBolt","69228.0","86392.997","20150928"
"PracticeExtractMessageBolt","31804.0","86357.997","20150928"
"HashWriterBolt","211826.0","258890.18400000007","20150928"
"PersistedMessageFilterBolt","2.258629299E9","2159671.9599999287","20150928"
"MedicalNoteAttachmentBolt","857.0","169765.865","20150928"
"PracticeLogoFileProcessorBolt","4916.0","86400.84499999999","20150928"
"PracticeImageBolt","1.0","236717.418","20150928"
"TransactionBolt","27858.0","2250941.6649999996","20150928"
"StaffMemberBolt","162.0","88085.694","20150928"
"DataLimitingBolt","4.974813912E9","2159727.205999943","20150928"
"MedicalReminderBolt","28625.0","344984.16199999995","20150928"
"ItemReminderTypeBolt","150.0","180484.32299999997","20150928"
"AppointmentBolt","24588.0","345350.1109999999","20150928"
"PrescriptionBolt","21050.0","345946.215","20150928"
"AmqpQueueWriterBolt","613277.0","2505211.150000001","20150928"
"PracticeBolt","1056.0","87051.71399999999","20150928"
"LabResultHeaderBolt","15305.0","345353.74299999996","20150928"
"PersistenceRoutingBolt","3673906.0","690171.3529999998","20150928"
"FieldMapperBolt","3680608.0","258884.3760000001","20150928"
"PracticePatientImageBolt","1165.0","87962.075","20150928"
"PetPictureFileProcessorBolt","1720.0","519855.6489999999","20150929"
"CstoneAuditMessageBolt","116.0","86248.79099999998","20150929"
"VitalSignBolt","21935.0","345462.70999999996","20150929"
"DVMaxDataExtractorBolt","1012.0","259493.24","20150929"
"CornerstoneDataExtractorBolt","67699.0","864005.5199999997","20150929"
"ExtractMessagePreProcessorBolt","69276.0","86408.55299999999","20150929"
"PracticePatientBolt","14102.0","172889.581","20150929"
"PracticePetOwnerBolt","10440.0","172707.14000000004","20150929"
"EntityMapDiscriminatorBolt","622992.0","259176.71900000004","20150929"
"AvimarkDataExtractorBolt","552.0","258043.366","20150929"
"FieldStandardizerBolt","3284700.0","345566.22600000014","20150929"
"PetOwnerPatientBolt","18622.0","345602.57800000004","20150929"
"ReminderTypeBolt","198.0","173058.64799999996","20150929"
"MedicalNoteFileProcessorBolt","844.0","537502.893","20150929"
"MedicalNoteBolt","488.0","171800.383","20150929"
"VaccinationPimsBolt","8240.0","345608.008","20150929"
"CornerstoneEncryptedFileProcessorBolt","844.0","1444675.067","20150929"
"ProductBolt","4519.0","86339.94200000001","20150929"
"PracticeExtractMessageBolt","31588.0","86388.04999999999","20150929"
"SoftwareDiscriminatorBolt","69245.0","86385.89500000002","20150929"
"HashWriterBolt","231373.0","259186.024","20150929"
"PersistedMessageFilterBolt","2.252829856E9","2159791.654999919","20150929"
"MedicalNoteAttachmentBolt","655.0","175196.07399999996","20150929"
"PracticeLogoFileProcessorBolt","4900.0","86456.29","20150929"
"PracticeImageBolt","1.0","66736.353","20150929"
"TransactionBolt","34928.0","2246561.362999999","20150929"
"StaffMemberBolt","155.0","86573.526","20150929"
"DataLimitingBolt","4.96534754E9","2159854.1129999394","20150929"
"MedicalReminderBolt","20467.0","345563.431","20150929"
"ItemReminderTypeBolt","216.0","174800.34499999994","20150929"
"AppointmentBolt","23074.0","345537.24600000004","20150929"
"PrescriptionBolt","24520.0","345459.2130000001","20150929"
"AmqpQueueWriterBolt","599840.0","2505608.435999998","20150929"
"PracticeBolt","1072.0","86511.986","20150929"
"LabResultHeaderBolt","16262.0","345636.44300000014","20150929"
"FieldMapperBolt","3284685.0","259162.34699999998","20150929"
"PersistenceRoutingBolt","3284683.0","691140.5000000003","20150929"
"PracticePatientImageBolt","1095.0","86473.154","20150929"
"PetPictureFileProcessorBolt","1832.0","554097.5160000001","20150930"
"CstoneAuditMessageBolt","124.0","82604.581","20150930"
"DVMaxDataExtractorBolt","1068.0","277130.114","20150930"
"VitalSignBolt","21340.0","344363.36999999994","20150930"
"CornerstoneDataExtractorBolt","70964.0","928943.962","20150930"
"PracticePetOwnerBolt","9367.0","173052.551","20150930"
"PracticePatientBolt","11469.0","172632.132","20150930"
"ExtractMessagePreProcessorBolt","72664.0","92950.11699999997","20150930"
"AvimarkDataExtractorBolt","580.0","275321.674","20150930"
"EntityMapDiscriminatorBolt","560602.0","259129.3070000001","20150930"
"FieldStandardizerBolt","1747946.0","345533.03599999996","20150930"
"PetOwnerPatientBolt","15046.0","345312.081","20150930"
"MedicalNoteFileProcessorBolt","940.0","514815.9799999999","20150930"
"ReminderTypeBolt","169.0","173840.93199999994","20150930"
"MedicalNoteBolt","544.0","167670.213","20150930"
"VaccinationPimsBolt","6374.0","345338.02400000003","20150930"
"CornerstoneEncryptedFileProcessorBolt","934.0","1348455.323","20150930"
"ProductBolt","4255.0","86483.02099999998","20150930"
"SoftwareDiscriminatorBolt","72631.0","92935.801","20150930"
"PracticeExtractMessageBolt","32751.0","86370.043","20150930"
"HashWriterBolt","202943.0","259098.75600000005","20150930"
"PersistedMessageFilterBolt","2.35994459E9","2323937.6499999235","20150930"
"MedicalNoteAttachmentBolt","800.0","164847.493","20150930"
"PracticeLogoFileProcessorBolt","5134.0","92747.38500000004","20150930"
"PracticeImageBolt","1.0","124394.225","20150930"
"TransactionBolt","22478.0","2244896.8259999994","20150930"
"StaffMemberBolt","102.0","85602.05","20150930"
"DataLimitingBolt","5.206350548E9","2324068.6799999517","20150930"
"ItemReminderTypeBolt","156.0","176086.58799999996","20150930"
"MedicalReminderBolt","19530.0","345537.55299999996","20150930"
"AppointmentBolt","22668.0","345559.83300000004","20150930"
"PrescriptionBolt","19537.0","345500.27700000006","20150930"
"AmqpQueueWriterBolt","557841.0","2693802.0689999997","20150930"
"PracticeBolt","1127.0","86347.70399999998","20150930"
"LabResultHeaderBolt","15222.0","345568.5789999999","20150930"
"PersistenceRoutingBolt","1748024.0","691068.0329999998","20150930"
"FieldMapperBolt","1748033.0","259163.22100000005","20150930"
"PracticePatientImageBolt","1161.0","86477.66700000002","20150930"
"PetPictureFileProcessorBolt","2602.0","419173.26699999993","20151001"
"CstoneAuditMessageBolt","122.0","89807.806","20151001"
"DVMaxDataExtractorBolt","1049.0","273501.798","20151001"
"VitalSignBolt","22587.0","347144.77200000006","20151001"
"CornerstoneDataExtractorBolt","69220.0","928028.1350000001","20151001"
"ExtractMessagePreProcessorBolt","70934.0","92888.633","20151001"
"PracticePatientBolt","13180.0","173681.54800000007","20151001"
"PracticePetOwnerBolt","11396.0","173035.73800000007","20151001"
"EntityMapDiscriminatorBolt","689858.0","260797.73500000002","20151001"
"AvimarkDataExtractorBolt","552.0","273594.957","20151001"
"FieldStandardizerBolt","5155774.0","348539.3170000002","20151001"
"PetOwnerPatientBolt","18937.0","347218.75700000004","20151001"
"MedicalNoteFileProcessorBolt","1066.0","304372.9979999999","20151001"
"ReminderTypeBolt","179.0","170933.40100000004","20151001"
"MedicalNoteBolt","518.0","168369.497","20151001"
"VaccinationPimsBolt","9176.0","345626.41900000005","20151001"
"CornerstoneEncryptedFileProcessorBolt","1046.0","714923.099","20151001"
"ProductBolt","4356.0","86405.438","20151001"
"SoftwareDiscriminatorBolt","70779.0","92549.54499999998","20151001"
"PracticeExtractMessageBolt","30254.0","87183.353","20151001"
"PersistedMessageFilterBolt","2.310276611E9","2319343.623999924","20151001"
"HashWriterBolt","256824.0","260728.21800000002","20151001"
"MedicalNoteAttachmentBolt","624.0","171980.32800000004","20151001"
"PracticeLogoFileProcessorBolt","5042.0","92634.66399999999","20151001"
"PracticeImageBolt","2.0","92566.37","20151001"
"TransactionBolt","48733.0","2249488.285","20151001"
"StaffMemberBolt","189.0","86086.34299999998","20151001"
"DataLimitingBolt","5.088836032E9","2319872.586999936","20151001"
"ItemReminderTypeBolt","166.0","172045.57899999997","20151001"
"MedicalReminderBolt","22517.0","348078.8069999999","20151001"
"AppointmentBolt","29325.0","346526.31700000004","20151001"
"PrescriptionBolt","24302.0","346490.58","20151001"
"AmqpQueueWriterBolt","672692.0","2684292.7","20151001"
"PracticeBolt","1065.0","86446.40900000001","20151001"
"LabResultHeaderBolt","19012.0","347549.59899999993","20151001"
"PersistenceRoutingBolt","5155816.0","695713.3670000003","20151001"
"FieldMapperBolt","5155804.0","261351.33000000007","20151001"
"PracticePatientImageBolt","929.0","86407.477","20151001"
"PetPictureFileProcessorBolt","4920.0","513854.694","20151002"
"CstoneAuditMessageBolt","81.0","84850.73100000001","20151002"
"VitalSignBolt","22054.0","345649.825","20151002"
"DVMaxDataExtractorBolt","1015.0","258617.926","20151002"
"CornerstoneDataExtractorBolt","68240.0","863903.7990000003","20151002"
"PracticePatientBolt","11242.0","172831.72799999994","20151002"
"PracticePetOwnerBolt","9346.0","172977.22299999997","20151002"
"ExtractMessagePreProcessorBolt","69807.0","86367.83499999999","20151002"
"EntityMapDiscriminatorBolt","575007.0","259187.92799999996","20151002"
"AvimarkDataExtractorBolt","543.0","259117.72499999998","20151002"
"FieldStandardizerBolt","1803638.0","345591.4970000001","20151002"
"PetOwnerPatientBolt","15206.0","345998.299","20151002"
"ReminderTypeBolt","138.0","174827.86299999995","20151002"
"MedicalNoteFileProcessorBolt","808.0","501033.269","20151002"
"MedicalNoteBolt","479.0","180001.36200000002","20151002"
"VaccinationPimsBolt","6802.0","345663.03300000005","20151002"
"CornerstoneEncryptedFileProcessorBolt","814.0","1453728.084","20151002"
"ProductBolt","3941.0","86435.00899999996","20151002"
"SoftwareDiscriminatorBolt","69806.0","86396.44000000002","20151002"
"PracticeExtractMessageBolt","32303.0","86401.46799999998","20151002"
"HashWriterBolt","204082.0","259201.68000000008","20151002"
"PersistedMessageFilterBolt","2.268787099E9","2159593.1919999076","20151002"
"PracticeLogoFileProcessorBolt","4934.0","86372.588","20151002"
"MedicalNoteAttachmentBolt","622.0","177455.847","20151002"
"TransactionBolt","23686.0","2246978.2270000004","20151002"
"StaffMemberBolt","108.0","83987.798","20151002"
"DataLimitingBolt","4.995955645E9","2159750.7379999226","20151002"
"MedicalReminderBolt","19813.0","345584.9270000001","20151002"
"ItemReminderTypeBolt","118.0","173634.25399999996","20151002"
"AppointmentBolt","22356.0","345486.65","20151002"
"PrescriptionBolt","19387.0","345583.75100000005","20151002"
"AmqpQueueWriterBolt","563637.0","2505453.377000001","20151002"
"PracticeBolt","1155.0","86206.14099999999","20151002"
"LabResultHeaderBolt","15217.0","345203.56600000005","20151002"
"FieldMapperBolt","1803622.0","259194.39400000003","20151002"
"PersistenceRoutingBolt","1803615.0","691188.7110000001","20151002"
"PracticePatientImageBolt","1239.0","86082.274","20151002"
"PetPictureFileProcessorBolt","1254.0","554044.4729999999","20151003"
"CstoneAuditMessageBolt","24.0","76275.03600000001","20151003"
"VitalSignBolt","16886.0","345673.64499999996","20151003"
"DVMaxDataExtractorBolt","1057.0","277658.211","20151003"
"CornerstoneDataExtractorBolt","70155.0","928729.6560000003","20151003"
"PracticePatientBolt","6837.0","172773.902","20151003"
"PracticePetOwnerBolt","5355.0","172681.39600000004","20151003"
"ExtractMessagePreProcessorBolt","71794.0","92910.747","20151003"
"AvimarkDataExtractorBolt","559.0","277146.91300000006","20151003"
"EntityMapDiscriminatorBolt","401640.0","259195.85300000003","20151003"
"FieldStandardizerBolt","1270733.0","345584.729","20151003"
"PetOwnerPatientBolt","12126.0","345653.88200000004","20151003"
"MedicalNoteFileProcessorBolt","538.0","516491.37699999986","20151003"
"ReminderTypeBolt","57.0","162936.20900000003","20151003"
"MedicalNoteBolt","521.0","167947.78900000002","20151003"
"VaccinationPimsBolt","4619.0","344669.8160000001","20151003"
"CornerstoneEncryptedFileProcessorBolt","524.0","1302856.047","20151003"
"ProductBolt","1961.0","86319.87400000001","20151003"
"PracticeExtractMessageBolt","32516.0","86404.23800000001","20151003"
"SoftwareDiscriminatorBolt","71790.0","92904.44600000003","20151003"
"HashWriterBolt","154621.0","259198.07100000008","20151003"
"PersistedMessageFilterBolt","2.344096642E9","2322648.604999924","20151003"
"MedicalNoteAttachmentBolt","575.0","170055.23099999997","20151003"
"PracticeLogoFileProcessorBolt","5083.0","92794.56800000001","20151003"
"TransactionBolt","17069.0","2246827.3740000003","20151003"
"StaffMemberBolt","27.0","88998.119","20151003"
"DataLimitingBolt","5.163272112E9","2322768.8479999416","20151003"
"ItemReminderTypeBolt","58.0","163027.763","20151003"
"MedicalReminderBolt","14596.0","345539.254","20151003"
"AppointmentBolt","15837.0","345659.436","20151003"
"PrescriptionBolt","13388.0","345756.29400000005","20151003"
"AmqpQueueWriterBolt","399847.0","2693205.4330000007","20151003"
"PracticeBolt","769.0","86314.06299999998","20151003"
"LabResultHeaderBolt","11644.0","345978.66799999995","20151003"
"PersistenceRoutingBolt","1270719.0","691138.9899999999","20151003"
"FieldMapperBolt","1270724.0","259186.35899999994","20151003"
"PracticePatientImageBolt","878.0","86360.82400000001","20151003"
"PetPictureFileProcessorBolt","224.0","480414.917","20151004"
"CstoneAuditMessageBolt","24.0","84629.169","20151004"
"VitalSignBolt","8747.0","345514.858","20151004"
"DVMaxDataExtractorBolt","994.0","259384.02600000004","20151004"
"CornerstoneDataExtractorBolt","65606.0","864281.204","20151004"
"PracticePatientBolt","2291.0","172736.62399999998","20151004"
"PracticePetOwnerBolt","2237.0","172719.381","20151004"
"ExtractMessagePreProcessorBolt","67118.0","86399.045","20151004"
"AvimarkDataExtractorBolt","528.0","259584.21200000003","20151004"
"EntityMapDiscriminatorBolt","213520.0","259184.65900000004","20151004"
"FieldStandardizerBolt","1105567.0","345600.5150000002","20151004"
"PetOwnerPatientBolt","9505.0","345442.342","20151004"
"ReminderTypeBolt","23.0","168601.038","20151004"
"MedicalNoteFileProcessorBolt","64.0","500052.30800000014","20151004"
"VaccinationPimsBolt","609.0","346294.7910000001","20151004"
"MedicalNoteBolt","134.0","172856.27699999997","20151004"
"CornerstoneEncryptedFileProcessorBolt","68.0","1278134.0420000001","20151004"
"ProductBolt","410.0","86280.89399999999","20151004"
"PracticeExtractMessageBolt","31699.0","86397.85800000004","20151004"
"SoftwareDiscriminatorBolt","67116.0","86396.39500000003","20151004"
"HashWriterBolt","88133.0","259192.98500000007","20151004"
"PersistedMessageFilterBolt","2.238735348E9","2159593.31899994","20151004"
"MedicalNoteAttachmentBolt","75.0","173322.87200000003","20151004"
"PracticeLogoFileProcessorBolt","4840.0","86405.98499999997","20151004"
"TransactionBolt","5676.0","2243030.7","20151004"
"StaffMemberBolt","7.0","68278.467","20151004"
"DataLimitingBolt","4.924794315E9","2159768.557999972","20151004"
"ItemReminderTypeBolt","24.0","168793.157","20151004"
"MedicalReminderBolt","10119.0","345006.67400000006","20151004"
"AppointmentBolt","6110.0","345420.0410000001","20151004"
"PrescriptionBolt","3500.0","345549.5029999999","20151004"
"AmqpQueueWriterBolt","212935.0","2505550.6790000014","20151004"
"PracticeBolt","131.0","82920.45300000001","20151004"
"LabResultHeaderBolt","6885.0","345381.12799999997","20151004"
"PersistenceRoutingBolt","1105568.0","691205.9839999997","20151004"
"FieldMapperBolt","1105563.0","259191.78800000003","20151004"
"PracticePatientImageBolt","276.0","82868.177","20151004"
"PetPictureFileProcessorBolt","5344.0","548455.854","20151005"
"CstoneAuditMessageBolt","155.0","98967.50599999998","20151005"
"VitalSignBolt","22257.0","342661.80199999997","20151005"
"DVMaxDataExtractorBolt","1009.0","256687.238","20151005"
"CornerstoneDataExtractorBolt","66467.0","854264.329","20151005"
"PracticePatientBolt","13910.0","171042.61899999998","20151005"
"ExtractMessagePreProcessorBolt","68032.0","85408.822","20151005"
"PracticePetOwnerBolt","11775.0","170990.891","20151005"
"EntityMapDiscriminatorBolt","680435.0","256454.05800000008","20151005"
"AvimarkDataExtractorBolt","545.0","256365.67300000004","20151005"
"FieldStandardizerBolt","3836350.0","342121.1700000003","20151005"
"PetOwnerPatientBolt","18335.0","342558.1109999999","20151005"
"MedicalNoteFileProcessorBolt","1084.0","562301.871","20151005"
"ReminderTypeBolt","170.0","186731.91300000006","20151005"
"MedicalNoteBolt","521.0","179323.80999999997","20151005"
"VaccinationPimsBolt","8630.0","341963.23800000007","20151005"
"CornerstoneEncryptedFileProcessorBolt","1082.0","1594257.2940000002","20151005"
"ProductBolt","3874.0","85927.139","20151005"
"SoftwareDiscriminatorBolt","68141.0","85577.48899999999","20151005"
"PracticeExtractMessageBolt","31169.0","85442.42100000002","20151005"
"PersistedMessageFilterBolt","2.225713556E9","2136153.566999917","20151005"
"HashWriterBolt","235338.0","256459.70699999994","20151005"
"MedicalNoteAttachmentBolt","662.0","179434.316","20151005"
"PracticeLogoFileProcessorBolt","4820.0","85336.99999999999","20151005"
"PracticeImageBolt","2.0","315332.274","20151005"
"TransactionBolt","36304.0","2225223.8189999997","20151005"
"StaffMemberBolt","171.0","103845.07400000002","20151005"
"DataLimitingBolt","4.90108495E9","2136077.2939999355","20151005"
"MedicalReminderBolt","26453.0","342400.91500000004","20151005"
"ItemReminderTypeBolt","152.0","183656.42199999996","20151005"
"AppointmentBolt","23744.0","342170.901","20151005"
"PrescriptionBolt","21249.0","342172.31100000005","20151005"
"AmqpQueueWriterBolt","652151.0","2478029.318","20151005"
"PracticeBolt","1122.0","89196.38500000001","20151005"
"LabResultHeaderBolt","14569.0","342158.91800000006","20151005"
"PersistenceRoutingBolt","3835755.0","684076.5160000004","20151005"
"FieldMapperBolt","3838710.0","256629.5260000001","20151005"
"PracticePatientImageBolt","1198.0","88543.18199999999","20151005"
"PetPictureFileProcessorBolt","2620.0","548745.5329999999","20151006"
"CstoneAuditMessageBolt","130.0","86798.32399999998","20151006"
"VitalSignBolt","22381.0","345427.6870000001","20151006"
"DVMaxDataExtractorBolt","1069.0","277646.545","20151006"
"CornerstoneDataExtractorBolt","70589.0","928751.36","20151006"
"PracticePetOwnerBolt","9915.0","172820.44700000001","20151006"
"PracticePatientBolt","12215.0","172773.196","20151006"
"ExtractMessagePreProcessorBolt","72270.0","92911.022","20151006"
"EntityMapDiscriminatorBolt","588452.0","259172.13300000006","20151006"
"AvimarkDataExtractorBolt","566.0","275965.376","20151006"
"FieldStandardizerBolt","1967836.0","345554.3770000001","20151006"
"PetOwnerPatientBolt","15894.0","345243.682","20151006"
"ReminderTypeBolt","159.0","172863.25000000003","20151006"
"MedicalNoteFileProcessorBolt","766.0","532850.242","20151006"
"MedicalNoteBolt","567.0","171783.12099999998","20151006"
"VaccinationPimsBolt","7180.0","345697.1100000001","20151006"
"CornerstoneEncryptedFileProcessorBolt","755.0","1405780.3460000004","20151006"
"ProductBolt","4092.0","86417.94499999998","20151006"
"SoftwareDiscriminatorBolt","72240.0","92893.098","20151006"
"PracticeExtractMessageBolt","32487.0","86393.35499999997","20151006"
"HashWriterBolt","212205.0","259172.36500000002","20151006"
"PersistedMessageFilterBolt","2.348452824E9","2322948.8309999066","20151006"
"MedicalNoteAttachmentBolt","735.0","170439.90299999996","20151006"
"PracticeLogoFileProcessorBolt","5077.0","92684.52699999999","20151006"
"TransactionBolt","25335.0","2246815.2760000005","20151006"
"StaffMemberBolt","120.0","86236.25400000002","20151006"
"DataLimitingBolt","5.174604031E9","2322998.056999929","20151006"
"ItemReminderTypeBolt","140.0","171525.93499999997","20151006"
"MedicalReminderBolt","20374.0","345542.6919999999","20151006"
"AppointmentBolt","23597.0","345604.288","20151006"
"PrescriptionBolt","19559.0","345549.44400000013","20151006"
"AmqpQueueWriterBolt","581758.0","2692943.9980000006","20151006"
"PracticeBolt","1079.0","86388.38100000001","20151006"
"LabResultHeaderBolt","16272.0","345455.238","20151006"
"PersistenceRoutingBolt","1967839.0","691123.0410000003","20151006"
"FieldMapperBolt","1967795.0","259154.37100000004","20151006"
"PracticePatientImageBolt","1262.0","86713.54999999999","20151006"
"PetPictureFileProcessorBolt","3052.0","544993.066","20151007"
"CstoneAuditMessageBolt","87.0","86808.34700000002","20151007"
"VitalSignBolt","21980.0","345633.0850000001","20151007"
"DVMaxDataExtractorBolt","1053.0","278628.10899999994","20151007"
"CornerstoneDataExtractorBolt","69075.0","929527.767","20151007"
"PracticePatientBolt","13612.0","172795.853","20151007"
"ExtractMessagePreProcessorBolt","70722.0","92981.28800000003","20151007"
"PracticePetOwnerBolt","10073.0","172688.451","20151007"
"EntityMapDiscriminatorBolt","628764.0","259232.4049999999","20151007"
"AvimarkDataExtractorBolt","567.0","275143.65299999993","20151007"
"FieldStandardizerBolt","3028611.0","345620.315","20151007"
"PetOwnerPatientBolt","17844.0","345514.73800000007","20151007"
"ReminderTypeBolt","164.0","170132.38499999992","20151007"
"MedicalNoteFileProcessorBolt","700.0","554211.0839999999","20151007"
"MedicalNoteBolt","614.0","174783.21800000002","20151007"
"VaccinationPimsBolt","8242.0","345535.6340000001","20151007"
"CornerstoneEncryptedFileProcessorBolt","689.0","1473627.3360000004","20151007"
"ProductBolt","4272.0","86244.73900000003","20151007"
"SoftwareDiscriminatorBolt","70679.0","92915.521","20151007"
"PracticeExtractMessageBolt","31621.0","86410.20200000002","20151007"
"HashWriterBolt","222966.0","259207.24499999994","20151007"
"PersistedMessageFilterBolt","2.31410333E9","2323738.5869999053","20151007"
"PracticeLogoFileProcessorBolt","5007.0","92826.29500000001","20151007"
"MedicalNoteAttachmentBolt","793.0","175062.80800000002","20151007"
"PracticeImageBolt","1.0","130807.536","20151007"
"TransactionBolt","33795.0","2245940.862","20151007"
"StaffMemberBolt","146.0","86390.79400000001","20151007"
"DataLimitingBolt","5.103669557E9","2323878.86899993","20151007"
"MedicalReminderBolt","19818.0","345499.0000000001","20151007"
"ItemReminderTypeBolt","146.0","173194.71100000007","20151007"
"AppointmentBolt","22543.0","345601.128","20151007"
"PrescriptionBolt","20026.0","345628.543","20151007"
"AmqpQueueWriterBolt","619874.0","2695187.227999998","20151007"
"PracticeBolt","1069.0","86432.71200000001","20151007"
"LabResultHeaderBolt","16259.0","345410.58300000004","20151007"
"FieldMapperBolt","3028557.0","259213.43600000002","20151007"
"PersistenceRoutingBolt","3028581.0","691232.7260000001","20151007"
"PracticePatientImageBolt","1304.0","85936.079","20151007"
"PetPictureFileProcessorBolt","2958.0","541365.792","20151008"
"CstoneAuditMessageBolt","82.0","86707.32599999999","20151008"
"VitalSignBolt","22060.0","345615.3410000001","20151008"
"DVMaxDataExtractorBolt","1047.0","277382.51","20151008"
"CornerstoneDataExtractorBolt","70181.0","929362.4269999996","20151008"
"PracticePetOwnerBolt","9478.0","172930.99699999994","20151008"
"PracticePatientBolt","12265.0","172715.81699999998","20151008"
"ExtractMessagePreProcessorBolt","71800.0","92945.331","20151008"
"EntityMapDiscriminatorBolt","595517.0","259141.3170000001","20151008"
"AvimarkDataExtractorBolt","574.0","277590.03700000007","20151008"
"FieldStandardizerBolt","2128231.0","345510.9760000001","20151008"
"PetOwnerPatientBolt","15484.0","345454.252","20151008"
"MedicalNoteFileProcessorBolt","880.0","523010.69899999996","20151008"
"ReminderTypeBolt","199.0","173362.83400000006","20151008"
"MedicalNoteBolt","616.0","167836.44200000004","20151008"
"VaccinationPimsBolt","6752.0","345608.63300000003","20151008"
"CornerstoneEncryptedFileProcessorBolt","870.0","1334019.666","20151008"
"ProductBolt","4337.0","86428.86000000003","20151008"
"PracticeExtractMessageBolt","32362.0","86379.64999999998","20151008"
"SoftwareDiscriminatorBolt","71820.0","92940.11799999994","20151008"
"PersistedMessageFilterBolt","2.338644273E9","2323865.280999901","20151008"
"HashWriterBolt","209986.0","259145.37100000004","20151008"
"MedicalNoteAttachmentBolt","692.0","170335.44200000004","20151008"
"PracticeLogoFileProcessorBolt","5053.0","92801.034","20151008"
"TransactionBolt","27061.0","2246310.228","20151008"
"StaffMemberBolt","140.0","85921.04400000002","20151008"
"DataLimitingBolt","5.155910935E9","2324030.984999927","20151008"
"ItemReminderTypeBolt","215.0","173820.712","20151008"
"MedicalReminderBolt","19802.0","345456.96300000005","20151008"
"AppointmentBolt","22917.0","345581.22799999994","20151008"
"PrescriptionBolt","19819.0","345622.66399999993","20151008"
"AmqpQueueWriterBolt","573778.0","2694803.5919999983","20151008"
"PracticeBolt","1141.0","86476.78199999999","20151008"
"LabResultHeaderBolt","14734.0","345747.599","20151008"
"FieldMapperBolt","2129034.0","259133.23900000003","20151008"
"PersistenceRoutingBolt","2128032.0","691041.4829999999","20151008"
"PracticePatientImageBolt","1263.0","86916.804","20151008"
"PetPictureFileProcessorBolt","2222.0","579463.537","20151009"
"CstoneAuditMessageBolt","91.0","84659.17899999999","20151009"
"DVMaxDataExtractorBolt","1045.0","315993.566","20151009"
"VitalSignBolt","21368.0","345554.556","20151009"
"CornerstoneDataExtractorBolt","69600.0","1078660.8209999998","20151009"
"PracticePetOwnerBolt","9202.0","172842.41799999998","20151009"
"PracticePatientBolt","12425.0","172757.98700000002","20151009"
"ExtractMessagePreProcessorBolt","71260.0","107962.41999999997","20151009"
"EntityMapDiscriminatorBolt","609205.0","259225.76500000007","20151009"
"AvimarkDataExtractorBolt","579.0","313662.97199999995","20151009"
"FieldStandardizerBolt","2513276.0","345638.8680000001","20151009"
"PetOwnerPatientBolt","15216.0","345992.506","20151009"
"ReminderTypeBolt","149.0","173083.13199999998","20151009"
"MedicalNoteFileProcessorBolt","920.0","602121.8200000001","20151009"
"MedicalNoteBolt","426.0","177884.382","20151009"
"VaccinationPimsBolt","8439.0","345152.963","20151009"
"CornerstoneEncryptedFileProcessorBolt","893.0","1489815.9390000005","20151009"
"ProductBolt","4011.0","86509.995","20151009"
"SoftwareDiscriminatorBolt","71257.0","107908.549","20151009"
"PracticeExtractMessageBolt","32182.0","86399.80799999999","20151009"
"HashWriterBolt","217128.0","259215.12800000008","20151009"
"PersistedMessageFilterBolt","2.324245463E9","2699516.339999887","20151009"
"MedicalNoteAttachmentBolt","635.0","175301.015","20151009"
"PracticeLogoFileProcessorBolt","5001.0","107229.92599999999","20151009"
"TransactionBolt","30368.0","2245796.0339999995","20151009"
"StaffMemberBolt","118.0","87583.63499999998","20151009"
"DataLimitingBolt","5.130649829E9","2699645.314999918","20151009"
"ItemReminderTypeBolt","103.0","170879.811","20151009"
"MedicalReminderBolt","21011.0","345630.359","20151009"
"AppointmentBolt","23576.0","345625.8339999999","20151009"
"PrescriptionBolt","20095.0","345594.6670000001","20151009"
"AmqpQueueWriterBolt","593494.0","3127517.595999999","20151009"
"PracticeBolt","1091.0","86151.033","20151009"
"LabResultHeaderBolt","16406.0","345603.99000000005","20151009"
"PersistenceRoutingBolt","2513303.0","691300.6619999999","20151009"
"FieldMapperBolt","2513287.0","259232.749","20151009"
"PracticePatientImageBolt","1141.0","85510.706","20151009"
"PetPictureFileProcessorBolt","1011.0","542221.4429999999","20151010"
"CstoneAuditMessageBolt","33.0","85875.82800000001","20151010"
"VitalSignBolt","17206.0","345570.1230000001","20151010"
"DVMaxDataExtractorBolt","1037.0","302380.687","20151010"
"CornerstoneDataExtractorBolt","69549.0","1016224.332","20151010"
"PracticePatientBolt","7093.0","172702.286","20151010"
"ExtractMessagePreProcessorBolt","71177.0","101677.374","20151010"
"PracticePetOwnerBolt","5575.0","172429.40800000002","20151010"
"AvimarkDataExtractorBolt","572.0","295661.48399999994","20151010"
"EntityMapDiscriminatorBolt","413895.0","259186.85100000002","20151010"
"FieldStandardizerBolt","1317012.0","345567.28900000005","20151010"
"PetOwnerPatientBolt","12426.0","345151.4169999999","20151010"
"ReminderTypeBolt","53.0","161212.84599999996","20151010"
"MedicalNoteFileProcessorBolt","1626.0","533478.7529999999","20151010"
"MedicalNoteBolt","352.0","169401.557","20151010"
"VaccinationPimsBolt","4674.0","345332.48","20151010"
"CornerstoneEncryptedFileProcessorBolt","1620.0","1390108.1959999998","20151010"
"ProductBolt","2069.0","86101.52","20151010"
"SoftwareDiscriminatorBolt","71188.0","101639.01","20151010"
"PracticeExtractMessageBolt","32848.0","86395.144","20151010"
"HashWriterBolt","160204.0","259190.37100000004","20151010"
"PersistedMessageFilterBolt","2.331669127E9","2541756.1969998777","20151010"
"MedicalNoteAttachmentBolt","385.0","165088.365","20151010"
"PracticeLogoFileProcessorBolt","5014.0","101102.463","20151010"
"TransactionBolt","18504.0","2243345.5060000005","20151010"
"StaffMemberBolt","21.0","74185.349","20151010"
"DataLimitingBolt","5.14245604E9","2541866.612999901","20151010"
"ItemReminderTypeBolt","68.0","168297.294","20151010"
"MedicalReminderBolt","15166.0","345128.00899999996","20151010"
"AppointmentBolt","16376.0","345289.788","20151010"
"AmqpQueueWriterBolt","412295.0","2941613.8520000014","20151010"
"PrescriptionBolt","13567.0","345541.8829999999","20151010"
"PracticeBolt","833.0","86500.98699999998","20151010"
"LabResultHeaderBolt","12863.0","345435.069","20151010"
"PersistenceRoutingBolt","1317008.0","691113.19","20151010"
"FieldMapperBolt","1317021.0","259193.08500000002","20151010"
"PracticePatientImageBolt","802.0","87122.046","20151010"
"PetPictureFileProcessorBolt","177.0","481176.043","20151011"
"CstoneAuditMessageBolt","22.0","79041.459","20151011"
"DVMaxDataExtractorBolt","1024.0","279908.6069999999","20151011"
"VitalSignBolt","8358.0","345564.01499999996","20151011"
"CornerstoneDataExtractorBolt","65230.0","946605.3480000001","20151011"
"PracticePetOwnerBolt","2323.0","173116.743","20151011"
"PracticePatientBolt","2364.0","172899.89299999998","20151011"
"ExtractMessagePreProcessorBolt","66861.0","94734.818","20151011"
"AvimarkDataExtractorBolt","539.0","275570.76","20151011"
"EntityMapDiscriminatorBolt","201560.0","259220.6610000001","20151011"
"FieldStandardizerBolt","1084484.0","345629.5870000001","20151011"
"PetOwnerPatientBolt","8970.0","345636.38800000004","20151011"
"MedicalNoteFileProcessorBolt","154.0","548465.72","20151011"
"ReminderTypeBolt","8.0","155918.938","20151011"
"MedicalNoteBolt","163.0","169726.814","20151011"
"VaccinationPimsBolt","668.0","346307.3030000001","20151011"
"CornerstoneEncryptedFileProcessorBolt","148.0","1462030.4429999997","20151011"
"ProductBolt","400.0","86482.429","20151011"
"PracticeExtractMessageBolt","32173.0","86410.77100000002","20151011"
"SoftwareDiscriminatorBolt","66849.0","94680.48800000003","20151011"
"HashWriterBolt","88740.0","259230.108","20151011"
"PersistedMessageFilterBolt","2.245366495E9","2367972.8909999025","20151011"
"MedicalNoteAttachmentBolt","40.0","174048.33500000002","20151011"
"PracticeLogoFileProcessorBolt","4845.0","94669.51799999997","20151011"
"TransactionBolt","8933.0","2247161.6629999992","20151011"
"StaffMemberBolt","6.0","91115.184","20151011"
"DataLimitingBolt","4.943939889E9","2368122.066999919","20151011"
"ItemReminderTypeBolt","16.0","176123.185","20151011"
"MedicalReminderBolt","7948.0","346111.09899999993","20151011"
"AppointmentBolt","5866.0","345931.77200000006","20151011"
"AmqpQueueWriterBolt","201242.0","2743413.8859999995","20151011"
"PrescriptionBolt","3532.0","345528.194","20151011"
"PracticeBolt","111.0","86031.78200000002","20151011"
"LabResultHeaderBolt","6828.0","345185.64099999995","20151011"
"PersistenceRoutingBolt","1084476.0","691278.802","20151011"
"FieldMapperBolt","1084454.0","259199.25","20151011"
"PracticePatientImageBolt","153.0","85723.868","20151011"
"PetPictureFileProcessorBolt","1594.0","610527.483","20151012"
"CstoneAuditMessageBolt","113.0","95899.053","20151012"
"DVMaxDataExtractorBolt","1041.0","295493.36500000005","20151012"
"VitalSignBolt","20501.0","345624.27300000016","20151012"
"CornerstoneDataExtractorBolt","68662.0","994490.7930000002","20151012"
"PracticePatientBolt","11538.0","172851.52299999996","20151012"
"ExtractMessagePreProcessorBolt","70262.0","99460.53699999998","20151012"
"PracticePetOwnerBolt","9956.0","172841.244","20151012"
"EntityMapDiscriminatorBolt","604027.0","259189.38800000012","20151012"
"AvimarkDataExtractorBolt","563.0","290979.7850000001","20151012"
"FieldStandardizerBolt","1905720.0","345596.8310000001","20151012"
"PetOwnerPatientBolt","15458.0","345877.2740000001","20151012"
"MedicalNoteFileProcessorBolt","1076.0","559949.1240000001","20151012"
"ReminderTypeBolt","118.0","200730.01399999997","20151012"
"MedicalNoteBolt","830.0","175262.61399999994","20151012"
"VaccinationPimsBolt","6356.0","345378.74899999995","20151012"
"CornerstoneEncryptedFileProcessorBolt","1050.0","1464604.6090000004","20151012"
"ProductBolt","3086.0","86552.36600000002","20151012"
"PracticeExtractMessageBolt","32761.0","86390.007","20151012"
"SoftwareDiscriminatorBolt","70265.0","99335.15000000001","20151012"
"HashWriterBolt","202032.0","259190.2480000001","20151012"
"PersistedMessageFilterBolt","2.305430173E9","2486199.787999919","20151012"
"MedicalNoteAttachmentBolt","953.0","175123.24100000004","20151012"
"PracticeLogoFileProcessorBolt","4963.0","99301.68200000002","20151012"
"TransactionBolt","21372.0","2251132.7979999995","20151012"
"StaffMemberBolt","128.0","93926.131","20151012"
"DataLimitingBolt","5.080361707E9","2486511.9289999255","20151012"
"MedicalReminderBolt","25919.0","345636.344","20151012"
"ItemReminderTypeBolt","132.0","177279.56","20151012"
"AppointmentBolt","21696.0","345850.6390000001","20151012"
"PrescriptionBolt","17850.0","345765.3129999999","20151012"
"AmqpQueueWriterBolt","600619.0","2881496.897","20151012"
"PracticeBolt","1079.0","86898.10399999999","20151012"
"LabResultHeaderBolt","12721.0","346154.29699999996","20151012"
"FieldMapperBolt","1905712.0","259187.71800000002","20151012"
"PersistenceRoutingBolt","1905725.0","691194.1630000001","20151012"
"PracticePatientImageBolt","1199.0","87210.989","20151012"
"PetPictureFileProcessorBolt","1789.0","652900.7349999999","20151013"
"CstoneAuditMessageBolt","195.0","85986.59300000001","20151013"
"DVMaxDataExtractorBolt","1048.0","360785.38499999995","20151013"
"VitalSignBolt","22822.0","345664.98199999996","20151013"
"CornerstoneDataExtractorBolt","71063.0","1237999.09","20151013"
"PracticePetOwnerBolt","10544.0","172767.687","20151013"
"ExtractMessagePreProcessorBolt","72771.0","123983.876","20151013"
"PracticePatientBolt","13997.0","172763.816","20151013"
"EntityMapDiscriminatorBolt","699503.0","259189.11899999998","20151013"
"AvimarkDataExtractorBolt","580.0","359137.3910000001","20151013"
"FieldStandardizerBolt","2684166.0","345586.34000000014","20151013"
"PetOwnerPatientBolt","18016.0","345651.438","20151013"
"MedicalNoteFileProcessorBolt","1066.0","614685.716","20151013"
"ReminderTypeBolt","204.0","173585.41000000006","20151013"
"MedicalNoteBolt","573.0","172067.34700000004","20151013"
"VaccinationPimsBolt","7911.0","345833.01800000004","20151013"
"CornerstoneEncryptedFileProcessorBolt","1029.0","1523236.5320000001","20151013"
"ProductBolt","4641.0","86331.50799999999","20151013"
"SoftwareDiscriminatorBolt","72726.0","123896.84899999999","20151013"
"PracticeExtractMessageBolt","32192.0","86400.82600000004","20151013"
"HashWriterBolt","230941.0","259190.10299999997","20151013"
"PersistedMessageFilterBolt","2.376070834E9","3095656.0149998902","20151013"
"MedicalNoteAttachmentBolt","665.0","172614.78000000006","20151013"
"PracticeLogoFileProcessorBolt","5097.0","122273.05399999999","20151013"
"TransactionBolt","31889.0","2246392.889","20151013"
"StaffMemberBolt","187.0","86328.31800000001","20151013"
"DataLimitingBolt","5.233558806E9","3096758.8819998954","20151013"
"ItemReminderTypeBolt","205.0","171293.527","20151013"
"MedicalReminderBolt","23110.0","345557.391","20151013"
"AppointmentBolt","25109.0","345631.45700000005","20151013"
"AmqpQueueWriterBolt","648047.0","3586555.234000002","20151013"
"PrescriptionBolt","20501.0","345620.8349999999","20151013"
"PracticeBolt","1162.0","86286.77599999998","20151013"
"LabResultHeaderBolt","17376.0","345618.95200000005","20151013"
"PersistenceRoutingBolt","2684154.0","691161.7049999998","20151013"
"FieldMapperBolt","2684158.0","259188.43200000003","20151013"
"PracticePatientImageBolt","1101.0","86286.343","20151013"
"PetPictureFileProcessorBolt","7972.0","659846.1369999998","20151014"
"CstoneAuditMessageBolt","150.0","86948.213","20151014"
"VitalSignBolt","20993.0","345184.249","20151014"
"DVMaxDataExtractorBolt","950.0","361931.5099999999","20151014"
"CornerstoneDataExtractorBolt","67546.0","1238903.8099999994","20151014"
"PracticePatientBolt","12070.0","172940.84300000005","20151014"
"ExtractMessagePreProcessorBolt","69150.0","125201.93899999998","20151014"
"PracticePetOwnerBolt","9575.0","172798.478","20151014"
"EntityMapDiscriminatorBolt","611067.0","259170.181","20151014"
"AvimarkDataExtractorBolt","556.0","350716.40099999995","20151014"
"FieldStandardizerBolt","2316829.0","345482.3129999999","20151014"
"PetOwnerPatientBolt","16089.0","344901.558","20151014"
"MedicalNoteFileProcessorBolt","818.0","641380.8230000001","20151014"
"ReminderTypeBolt","193.0","172737.77000000002","20151014"
"MedicalNoteBolt","422.0","171098.932","20151014"
"VaccinationPimsBolt","6847.0","344834.476","20151014"
"CornerstoneEncryptedFileProcessorBolt","794.0","1510422.376","20151014"
"ProductBolt","4315.0","86339.66799999999","20151014"
"SoftwareDiscriminatorBolt","69114.0","117692.535","20151014"
"PracticeExtractMessageBolt","30522.0","86349.92900000002","20151014"
"HashWriterBolt","209279.0","259089.22400000002","20151014"
"PersistedMessageFilterBolt","2.26584935E9","3092764.419999829","20151014"
"MedicalNoteAttachmentBolt","591.0","171906.57299999997","20151014"
"PracticeLogoFileProcessorBolt","4879.0","117840.55700000002","20151014"
"TransactionBolt","29177.0","2243346.427","20151014"
"StaffMemberBolt","127.0","87840.03199999999","20151014"
"DataLimitingBolt","4.988048808E9","3097940.6889998494","20151014"
"ItemReminderTypeBolt","171.0","172526.35199999996","20151014"
"MedicalReminderBolt","19341.0","345576.985","20151014"
"AppointmentBolt","22995.0","345417.8779999999","20151014"
"PrescriptionBolt","18139.0","345627.13899999997","20151014"
"AmqpQueueWriterBolt","592727.0","3586678.4479999985","20151014"
"PracticeBolt","1081.0","86581.86199999995","20151014"
"LabResultHeaderBolt","16342.0","345325.226","20151014"
"FieldMapperBolt","2316796.0","259153.56","20151014"
"PersistenceRoutingBolt","2316748.0","691115.9789999997","20151014"
"PracticePatientImageBolt","1211.0","86078.114","20151014"
"PetPictureFileProcessorBolt","3396.0","635392.0060000002","20151015"
"CstoneAuditMessageBolt","116.0","86642.13900000002","20151015"
"DVMaxDataExtractorBolt","1002.0","352474.3609999999","20151015"
"VitalSignBolt","21846.0","345666.8399999999","20151015"
"CornerstoneDataExtractorBolt","71347.0","1199710.8890000004","20151015"
"PracticePetOwnerBolt","9521.0","172417.72400000005","20151015"
"ExtractMessagePreProcessorBolt","72973.0","120070.284","20151015"
"PracticePatientBolt","11465.0","172805.913","20151015"
"EntityMapDiscriminatorBolt","582914.0","259198.58299999998","20151015"
"AvimarkDataExtractorBolt","589.0","350491.75799999986","20151015"
"FieldStandardizerBolt","1921343.0","345604.85099999997","20151015"
"PetOwnerPatientBolt","14702.0","345843.3059999999","20151015"
"ReminderTypeBolt","147.0","171543.87499999994","20151015"
"MedicalNoteFileProcessorBolt","942.0","575584.808","20151015"
"MedicalNoteBolt","421.0","174864.523","20151015"
"VaccinationPimsBolt","6224.0","345661.0520000001","20151015"
"CornerstoneEncryptedFileProcessorBolt","937.0","1379544.425","20151015"
"ProductBolt","4397.0","86455.43300000002","20151015"
"PracticeExtractMessageBolt","32453.0","86392.97","20151015"
"SoftwareDiscriminatorBolt","72957.0","119530.75500000002","20151015"
"PersistedMessageFilterBolt","2.378898487E9","3000714.707999883","20151015"
"HashWriterBolt","210966.0","259199.367","20151015"
"MedicalNoteAttachmentBolt","584.0","175312.39600000004","20151015"
"PracticeLogoFileProcessorBolt","5096.0","119842.939","20151015"
"TransactionBolt","28306.0","2248131.6850000005","20151015"
"StaffMemberBolt","103.0","86486.60900000001","20151015"
"DataLimitingBolt","5.249125363E9","3000933.0459998953","20151015"
"ItemReminderTypeBolt","125.0","169117.17299999995","20151015"
"MedicalReminderBolt","21030.0","345597.828","20151015"
"AppointmentBolt","23257.0","345609.864","20151015"
"AmqpQueueWriterBolt","579854.0","3476004.229000001","20151015"
"PrescriptionBolt","19273.0","345394.6859999999","20151015"
"PracticeBolt","1166.0","86366.50100000003","20151015"
"LabResultHeaderBolt","15523.0","345719.91500000004","20151015"
"PersistenceRoutingBolt","1921348.0","691215.2079999998","20151015"
"FieldMapperBolt","1921340.0","259196.72499999998","20151015"
"PracticePatientImageBolt","1274.0","86395.17199999999","20151015"
"PetPictureFileProcessorBolt","3267.0","586852.6629999997","20151016"
"CstoneAuditMessageBolt","78.0","84107.36200000001","20151016"
"VitalSignBolt","20872.0","345742.13","20151016"
"DVMaxDataExtractorBolt","1071.0","311336.98899999994","20151016"
"CornerstoneDataExtractorBolt","70934.0","1079414.7199999993","20151016"
"PracticePetOwnerBolt","8905.0","173198.67799999999","20151016"
"PracticePatientBolt","10581.0","172551.00100000005","20151016"
"ExtractMessagePreProcessorBolt","72614.0","108673.47400000003","20151016"
"EntityMapDiscriminatorBolt","578001.0","259204.11500000002","20151016"
"AvimarkDataExtractorBolt","581.0","309090.63599999994","20151016"
"FieldStandardizerBolt","1634282.0","345615.2869999999","20151016"
"PetOwnerPatientBolt","14547.0","345266.4680000001","20151016"
"MedicalNoteFileProcessorBolt","994.0","573358.064","20151016"
"ReminderTypeBolt","145.0","171427.56799999997","20151016"
"MedicalNoteBolt","414.0","166227.23000000004","20151016"
"VaccinationPimsBolt","6399.0","345795.64800000004","20151016"
"CornerstoneEncryptedFileProcessorBolt","970.0","1408472.668","20151016"
"ProductBolt","3745.0","86520.65100000003","20151016"
"SoftwareDiscriminatorBolt","72597.0","108609.731","20151016"
"PracticeExtractMessageBolt","31885.0","86397.598","20151016"
"HashWriterBolt","195813.0","259204.85900000003","20151016"
"PersistedMessageFilterBolt","2.365613084E9","2715998.0859999005","20151016"
"MedicalNoteAttachmentBolt","595.0","165805.75400000002","20151016"
"PracticeLogoFileProcessorBolt","5042.0","108294.971","20151016"
"TransactionBolt","22865.0","2246787.5999999996","20151016"
"StaffMemberBolt","74.0","83475.68300000002","20151016"
"DataLimitingBolt","5.218893919E9","2716262.2229999206","20151016"
"ItemReminderTypeBolt","168.0","171783.802","20151016"
"MedicalReminderBolt","18785.0","345613.75200000004","20151016"
"AppointmentBolt","21509.0","345375.446","20151016"
"PrescriptionBolt","17613.0","345783.167","20151016"
"AmqpQueueWriterBolt","575336.0","3133674.9059999995","20151016"
"PracticeBolt","1233.0","86382.73399999998","20151016"
"LabResultHeaderBolt","15063.0","345627.4520000003","20151016"
"PersistenceRoutingBolt","1634280.0","691232.6540000001","20151016"
"FieldMapperBolt","1634312.0","259216.64599999995","20151016"
"PracticePatientImageBolt","1299.0","86364.594","20151016"
"PetPictureFileProcessorBolt","2124.0","505407.04600000003","20151017"
"CstoneAuditMessageBolt","44.0","84873.028","20151017"
"VitalSignBolt","16961.0","345357.436","20151017"
"DVMaxDataExtractorBolt","1000.0","259718.60999999993","20151017"
"CornerstoneDataExtractorBolt","68278.0","864047.4870000001","20151017"
"PracticePetOwnerBolt","5544.0","172775.851","20151017"
"PracticePatientBolt","7058.0","172929.118","20151017"
"ExtractMessagePreProcessorBolt","69843.0","86403.943","20151017"
"EntityMapDiscriminatorBolt","395999.0","259229.04000000004","20151017"
"AvimarkDataExtractorBolt","560.0","258021.942","20151017"
"FieldStandardizerBolt","1365043.0","345679.2479999999","20151017"
"PetOwnerPatientBolt","12620.0","345545.30700000003","20151017"
"ReminderTypeBolt","56.0","145770.207","20151017"
"MedicalNoteFileProcessorBolt","500.0","505751.647","20151017"
"MedicalNoteBolt","471.0","179478.278","20151017"
"VaccinationPimsBolt","4858.0","345666.05999999994","20151017"
"CornerstoneEncryptedFileProcessorBolt","494.0","1264465.4810000004","20151017"
"ProductBolt","1969.0","86347.277","20151017"
"SoftwareDiscriminatorBolt","69838.0","86391.95899999997","20151017"
"PracticeExtractMessageBolt","32784.0","86412.829","20151017"
"HashWriterBolt","159737.0","259249.66500000004","20151017"
"PersistedMessageFilterBolt","2.288471923E9","2159756.1739999847","20151017"
"MedicalNoteAttachmentBolt","566.0","177100.27399999986","20151017"
"PracticeLogoFileProcessorBolt","4890.0","86417.372","20151017"
"TransactionBolt","17493.0","2242533.255","20151017"
"StaffMemberBolt","16.0","68766.309","20151017"
"DataLimitingBolt","5.043289003E9","2159834.239999971","20151017"
"ItemReminderTypeBolt","71.0","153177.79500000004","20151017"
"MedicalReminderBolt","15784.0","345216.44500000007","20151017"
"AppointmentBolt","16630.0","345670.51999999996","20151017"
"AmqpQueueWriterBolt","393523.0","2505365.8700000015","20151017"
"PrescriptionBolt","14175.0","345324.4159999999","20151017"
"PracticeBolt","675.0","86332.87000000004","20151017"
"LabResultHeaderBolt","12122.0","345581.73100000015","20151017"
"PersistenceRoutingBolt","1365062.0","691317.6140000001","20151017"
"FieldMapperBolt","1364930.0","259225.926","20151017"
"PracticePatientImageBolt","817.0","86621.55","20151017"
"PetPictureFileProcessorBolt","264.0","531327.251","20151018"
"CstoneAuditMessageBolt","8.0","84539.336","20151018"
"DVMaxDataExtractorBolt","1001.0","259262.59400000004","20151018"
"VitalSignBolt","8832.0","345480.4919999999","20151018"
"CornerstoneDataExtractorBolt","67653.0","864205.2799999998","20151018"
"PracticePetOwnerBolt","2328.0","172864.52999999988","20151018"
"PracticePatientBolt","2361.0","172507.00199999998","20151018"
"ExtractMessagePreProcessorBolt","69198.0","86394.334","20151018"
"EntityMapDiscriminatorBolt","208742.0","259202.83500000008","20151018"
"AvimarkDataExtractorBolt","553.0","260746.85399999996","20151018"
"FieldStandardizerBolt","1009892.0","345553.6479999999","20151018"
"PetOwnerPatientBolt","8746.0","345989.16000000015","20151018"
"ReminderTypeBolt","15.0","187883.30399999997","20151018"
"MedicalNoteFileProcessorBolt","82.0","539226.342","20151018"
"MedicalNoteBolt","112.0","169908.97100000002","20151018"
"VaccinationPimsBolt","587.0","341429.24399999995","20151018"
"CornerstoneEncryptedFileProcessorBolt","86.0","1332482.897","20151018"
"ProductBolt","421.0","86286.74099999995","20151018"
"SoftwareDiscriminatorBolt","69234.0","86415.20500000002","20151018"
"PracticeExtractMessageBolt","32748.0","86415.448","20151018"
"HashWriterBolt","88310.0","259237.40400000018","20151018"
"PersistedMessageFilterBolt","2.313640533E9","2160029.0130000045","20151018"
"MedicalNoteAttachmentBolt","42.0","167833.67200000002","20151018"
"PracticeLogoFileProcessorBolt","4968.0","86386.003","20151018"
"TransactionBolt","6109.0","2246399.787","20151018"
"StaffMemberBolt","6.0","94533.046","20151018"
"DataLimitingBolt","5.086032975E9","2160189.167999986","20151018"
"ItemReminderTypeBolt","13.0","174877.908","20151018"
"MedicalReminderBolt","8889.0","345525.98399999994","20151018"
"AppointmentBolt","6276.0","345727.076","20151018"
"AmqpQueueWriterBolt","208070.0","2505914.402","20151018"
"PrescriptionBolt","3641.0","345425.1080000001","20151018"
"PracticeBolt","119.0","86476.112","20151018"
"LabResultHeaderBolt","7018.0","344959.5370000002","20151018"
"FieldMapperBolt","1009860.0","259185.616","20151018"
"PersistenceRoutingBolt","1009886.0","691164.101","20151018"
"PracticePatientImageBolt","271.0","86502.008","20151018"
"PetPictureFileProcessorBolt","1738.0","516368.2780000001","20151019"
"CstoneAuditMessageBolt","109.0","91177.076","20151019"
"VitalSignBolt","20927.0","345702.3409999999","20151019"
"DVMaxDataExtractorBolt","1019.0","259585.017","20151019"
"CornerstoneDataExtractorBolt","68497.0","863789.0909999998","20151019"
"PracticePetOwnerBolt","10771.0","172681.94100000005","20151019"
"ExtractMessagePreProcessorBolt","70085.0","86381.47000000002","20151019"
"PracticePatientBolt","12300.0","173174.782","20151019"
"AvimarkDataExtractorBolt","566.0","258351.04700000005","20151019"
"EntityMapDiscriminatorBolt","605967.0","259130.733","20151019"
"FieldStandardizerBolt","2117280.0","345492.272","20151019"
"PetOwnerPatientBolt","16883.0","345441.19399999984","20151019"
"MedicalNoteFileProcessorBolt","700.0","534463.99","20151019"
"ReminderTypeBolt","148.0","178108.973","20151019"
"MedicalNoteBolt","409.0","174212.05299999996","20151019"
"VaccinationPimsBolt","6389.0","349966.31599999993","20151019"
"CornerstoneEncryptedFileProcessorBolt","706.0","1578029.1110000003","20151019"
"ProductBolt","3753.0","86508.56899999997","20151019"
"SoftwareDiscriminatorBolt","70077.0","86369.30299999999","20151019"
"PracticeExtractMessageBolt","32695.0","86388.03300000002","20151019"
"HashWriterBolt","210278.0","259101.284","20151019"
"PersistedMessageFilterBolt","2.294582608E9","2159206.4429999585","20151019"
"MedicalNoteAttachmentBolt","639.0","179131.58099999992","20151019"
"PracticeLogoFileProcessorBolt","4920.0","86426.52999999998","20151019"
"TransactionBolt","26273.0","2249718.864","20151019"
"StaffMemberBolt","165.0","99037.967","20151019"
"DataLimitingBolt","5.057782376E9","2159266.564999959","20151019"
"MedicalReminderBolt","23882.0","346146.32500000007","20151019"
"ItemReminderTypeBolt","125.0","185876.031","20151019"
"AppointmentBolt","22459.0","345785.38899999997","20151019"
"PrescriptionBolt","18226.0","345871.1089999999","20151019"
"AmqpQueueWriterBolt","603475.0","2505429.1640000003","20151019"
"PracticeBolt","1082.0","86067.16499999998","20151019"
"LabResultHeaderBolt","12852.0","346068.9370000001","20151019"
"FieldMapperBolt","2116077.0","259097.66200000016","20151019"
"PersistenceRoutingBolt","2117015.0","691008.5499999999","20151019"
"PracticePatientImageBolt","1287.0","86273.56599999998","20151019"
"PetPictureFileProcessorBolt","2010.0","520092.084","20151020"
"CstoneAuditMessageBolt","89.0","86429.658","20151020"
"DVMaxDataExtractorBolt","994.0","259045.248","20151020"
"VitalSignBolt","21256.0","345483.79099999997","20151020"
"CornerstoneDataExtractorBolt","68786.0","863896.7180000002","20151020"
"PracticePatientBolt","12454.0","172826.276","20151020"
"PracticePetOwnerBolt","10057.0","172720.717","20151020"
"ExtractMessagePreProcessorBolt","70349.0","86383.46399999999","20151020"
"EntityMapDiscriminatorBolt","587673.0","259190.12900000007","20151020"
"AvimarkDataExtractorBolt","564.0","258317.92499999993","20151020"
"FieldStandardizerBolt","2170619.0","345576.95199999993","20151020"
"PetOwnerPatientBolt","15403.0","345480.1670000001","20151020"
"ReminderTypeBolt","154.0","179109.40499999997","20151020"
"MedicalNoteFileProcessorBolt","1320.0","526583.187","20151020"
"MedicalNoteBolt","484.0","176085.923","20151020"
"VaccinationPimsBolt","7438.0","345566.31899999996","20151020"
"CornerstoneEncryptedFileProcessorBolt","1320.0","1415400.9760000003","20151020"
"ProductBolt","4178.0","86385.42500000002","20151020"
"SoftwareDiscriminatorBolt","70350.0","86386.54100000001","20151020"
"PracticeExtractMessageBolt","32653.0","86395.919","20151020"
"HashWriterBolt","215725.0","259185.97399999996","20151020"
"PersistedMessageFilterBolt","2.290821265E9","2159276.690999939","20151020"
"MedicalNoteAttachmentBolt","565.0","175124.071","20151020"
"PracticeLogoFileProcessorBolt","4886.0","86326.70100000002","20151020"
"PracticeImageBolt","1.0","1172888.34","20151020"
"TransactionBolt","30721.0","2245124.444","20151020"
"StaffMemberBolt","119.0","85407.26000000002","20151020"
"DataLimitingBolt","5.048247302E9","2159433.174999941","20151020"
"ItemReminderTypeBolt","120.0","179520.46600000004","20151020"
"MedicalReminderBolt","20133.0","345585.608","20151020"
"AppointmentBolt","23347.0","345461.1539999999","20151020"
"PrescriptionBolt","18930.0","345485.74899999995","20151020"
"AmqpQueueWriterBolt","584012.0","2505192.66","20151020"
"PracticeBolt","1198.0","86518.78099999999","20151020"
"LabResultHeaderBolt","16060.0","345515.267","20151020"
"PersistenceRoutingBolt","2170656.0","691198.3130000002","20151020"
"FieldMapperBolt","2170632.0","259188.52300000004","20151020"
"PracticePatientImageBolt","1352.0","86608.841","20151020"
"PetPictureFileProcessorBolt","1686.0","522832.531","20151021"
"CstoneAuditMessageBolt","107.0","87273.42","20151021"
"VitalSignBolt","20780.0","345743.02","20151021"
"DVMaxDataExtractorBolt","1029.0","289435.9489999999","20151021"
"CornerstoneDataExtractorBolt","71924.0","984278.7169999997","20151021"
"PracticePatientBolt","11421.0","172836.229","20151021"
"ExtractMessagePreProcessorBolt","73602.0","98451.581","20151021"
"PracticePetOwnerBolt","9085.0","172935.38600000003","20151021"
"EntityMapDiscriminatorBolt","552331.0","259214.159","20151021"
"AvimarkDataExtractorBolt","599.0","289683.77200000006","20151021"
"FieldStandardizerBolt","1561719.0","345613.67200000014","20151021"
"PetOwnerPatientBolt","14387.0","345344.689","20151021"
"ReminderTypeBolt","121.0","174140.01200000002","20151021"
"MedicalNoteFileProcessorBolt","810.0","513465.289","20151021"
"MedicalNoteBolt","795.0","171228.93599999996","20151021"
"VaccinationPimsBolt","6127.0","345111.483","20151021"
"CornerstoneEncryptedFileProcessorBolt","777.0","1186541.634","20151021"
"ProductBolt","4202.0","86445.82600000002","20151021"
"SoftwareDiscriminatorBolt","73573.0","98496.882","20151021"
"PracticeExtractMessageBolt","32877.0","86413.40399999998","20151021"
"PersistedMessageFilterBolt","2.406078433E9","2462703.446999897","20151021"
"HashWriterBolt","201207.0","259233.6320000001","20151021"
"MedicalNoteAttachmentBolt","897.0","171605.43299999993","20151021"
"PracticeLogoFileProcessorBolt","5154.0","97933.501","20151021"
"PracticeImageBolt","1.0","106552.416","20151021"
"TransactionBolt","22533.0","2245204.3320000004","20151021"
"StaffMemberBolt","107.0","86680.70899999999","20151021"
"DataLimitingBolt","5.310421041E9","2462952.8709999295","20151021"
"ItemReminderTypeBolt","103.0","173699.40799999997","20151021"
"MedicalReminderBolt","20544.0","345639.33100000006","20151021"
"AppointmentBolt","22827.0","345465.85400000005","20151021"
"PrescriptionBolt","18278.0","345484.888","20151021"
"AmqpQueueWriterBolt","549501.0","2848957.8659999985","20151021"
"PracticeBolt","1077.0","86396.54900000003","20151021"
"LabResultHeaderBolt","15405.0","345658.47","20151021"
"FieldMapperBolt","1561779.0","259210.1520000001","20151021"
"PersistenceRoutingBolt","1561820.0","691258.3539999998","20151021"
"PracticePatientImageBolt","1022.0","86435.73800000003","20151021"
"PetPictureFileProcessorBolt","1660.0","518392.39899999986","20151022"
"CstoneAuditMessageBolt","104.0","84707.136","20151022"
"VitalSignBolt","21315.0","345628.23699999996","20151022"
"DVMaxDataExtractorBolt","1005.0","259706.128","20151022"
"CornerstoneDataExtractorBolt","70098.0","864034.939","20151022"
"PracticePetOwnerBolt","9315.0","172622.837","20151022"
"ExtractMessagePreProcessorBolt","71676.0","86387.545","20151022"
"PracticePatientBolt","11591.0","172736.192","20151022"
"AvimarkDataExtractorBolt","560.0","258196.87600000008","20151022"
"EntityMapDiscriminatorBolt","566597.0","259160.29800000004","20151022"
"FieldStandardizerBolt","1861584.0","345557.86499999993","20151022"
"PetOwnerPatientBolt","16154.0","346211.27399999986","20151022"
"MedicalNoteFileProcessorBolt","788.0","503459.20300000004","20151022"
"ReminderTypeBolt","160.0","173267.02800000005","20151022"
"MedicalNoteBolt","475.0","164064.98800000004","20151022"
"VaccinationPimsBolt","6592.0","346283.25200000004","20151022"
"CornerstoneEncryptedFileProcessorBolt","794.0","1362270.3860000002","20151022"
"ProductBolt","4054.0","86391.60200000003","20151022"
"SoftwareDiscriminatorBolt","71661.0","86342.235","20151022"
"PracticeExtractMessageBolt","33084.0","86389.866","20151022"
"HashWriterBolt","207968.0","259130.993","20151022"
"PersistedMessageFilterBolt","2.33935654E9","2159282.7519999235","20151022"
"MedicalNoteAttachmentBolt","613.0","165261.925","20151022"
"PracticeLogoFileProcessorBolt","5030.0","86400.15699999998","20151022"
"PracticeImageBolt","1.0","75318.903","20151022"
"TransactionBolt","24645.0","2248156.798000001","20151022"
"StaffMemberBolt","129.0","87826.34199999999","20151022"
"DataLimitingBolt","5.138834557E9","2159402.7529999376","20151022"
"ItemReminderTypeBolt","127.0","173381.27999999997","20151022"
"MedicalReminderBolt","20716.0","345541.78599999996","20151022"
"AppointmentBolt","23022.0","345901.87100000004","20151022"
"PrescriptionBolt","19027.0","345869.457","20151022"
"AmqpQueueWriterBolt","558531.0","2505223.7719999985","20151022"
"PracticeBolt","1096.0","86419.18500000001","20151022"
"LabResultHeaderBolt","15518.0","345760.339","20151022"
"PersistenceRoutingBolt","1861491.0","691068.753","20151022"
"FieldMapperBolt","1861506.0","259170.266","20151022"
"PracticePatientImageBolt","1210.0","86294.66500000002","20151022"
"PetPictureFileProcessorBolt","1746.0","514033.9260000002","20151023"
"CstoneAuditMessageBolt","102.0","87663.94499999999","20151023"
"DVMaxDataExtractorBolt","998.0","257981.22199999992","20151023"
"VitalSignBolt","21486.0","345515.275","20151023"
"CornerstoneDataExtractorBolt","70049.0","863980.5489999998","20151023"
"PracticePetOwnerBolt","9030.0","172872.01499999996","20151023"
"ExtractMessagePreProcessorBolt","71633.0","86397.13300000002","20151023"
"PracticePatientBolt","11649.0","172797.94699999996","20151023"
"EntityMapDiscriminatorBolt","569758.0","259181.7629999999","20151023"
"AvimarkDataExtractorBolt","559.0","258749.38400000002","20151023"
"FieldStandardizerBolt","1765898.0","345574.4319999999","20151023"
"PetOwnerPatientBolt","16328.0","345473.85400000005","20151023"
"MedicalNoteFileProcessorBolt","774.0","533100.169","20151023"
"ReminderTypeBolt","161.0","171230.19900000002","20151023"
"MedicalNoteBolt","756.0","180308.621","20151023"
"VaccinationPimsBolt","7004.0","345344.1320000001","20151023"
"CornerstoneEncryptedFileProcessorBolt","776.0","1412480.295","20151023"
"ProductBolt","4021.0","86404.05800000002","20151023"
"PracticeExtractMessageBolt","33088.0","86395.70799999998","20151023"
"SoftwareDiscriminatorBolt","71588.0","86303.412","20151023"
"HashWriterBolt","205844.0","259196.13999999996","20151023"
"PersistedMessageFilterBolt","2.338438872E9","2158947.5750000216","20151023"
"MedicalNoteAttachmentBolt","992.0","177847.21400000007","20151023"
"PracticeLogoFileProcessorBolt","5034.0","86329.91299999997","20151023"
"TransactionBolt","23688.0","2245500.6920000007","20151023"
"StaffMemberBolt","131.0","84586.88200000001","20151023"
"DataLimitingBolt","5.132234778E9","2159159.0230000042","20151023"
"ItemReminderTypeBolt","138.0","171137.75499999992","20151023"
"MedicalReminderBolt","19482.0","345677.1670000001","20151023"
"AppointmentBolt","22605.0","345610.8540000001","20151023"
"AmqpQueueWriterBolt","562508.0","2505127.881000001","20151023"
"PrescriptionBolt","19132.0","345619.4069999999","20151023"
"PracticeBolt","1166.0","86172.03600000002","20151023"
"LabResultHeaderBolt","15388.0","345488.16000000003","20151023"
"PersistenceRoutingBolt","1765905.0","691174.5739999999","20151023"
"FieldMapperBolt","1765906.0","259184.64200000002","20151023"
"PracticePatientImageBolt","1366.0","86189.31699999997","20151023"
"PetPictureFileProcessorBolt","972.0","543227.815","20151024"
"CstoneAuditMessageBolt","52.0","84582.21200000003","20151024"
"VitalSignBolt","16340.0","345517.15100000007","20151024"
"DVMaxDataExtractorBolt","904.0","330991.90900000004","20151024"
"CornerstoneDataExtractorBolt","65934.0","1129999.1770000004","20151024"
"PracticePatientBolt","6880.0","172767.7039999999","20151024"
"PracticePetOwnerBolt","5397.0","172844.99500000002","20151024"
"ExtractMessagePreProcessorBolt","67445.0","113126.96099999997","20151024"
"AvimarkDataExtractorBolt","522.0","323751.59200000006","20151024"
"EntityMapDiscriminatorBolt","381177.0","259193.62500000006","20151024"
"FieldStandardizerBolt","1182213.0","345582.95900000015","20151024"
"PetOwnerPatientBolt","11872.0","345557.201","20151024"
"ReminderTypeBolt","48.0","150137.50900000002","20151024"
"MedicalNoteFileProcessorBolt","486.0","551317.7590000001","20151024"
"MedicalNoteBolt","407.0","169661.11299999998","20151024"
"VaccinationPimsBolt","4485.0","345327.97599999997","20151024"
"CornerstoneEncryptedFileProcessorBolt","456.0","1365143.6159999997","20151024"
"ProductBolt","1882.0","86191.84499999997","20151024"
"PracticeExtractMessageBolt","30336.0","86395.26099999997","20151024"
"SoftwareDiscriminatorBolt","67432.0","106073.199","20151024"
"HashWriterBolt","150378.0","259185.49600000004","20151024"
"PersistedMessageFilterBolt","2.215286737E9","2827733.8569998634","20151024"
"MedicalNoteAttachmentBolt","535.0","170879.63699999996","20151024"
"PracticeLogoFileProcessorBolt","4738.0","112424.61600000004","20151024"
"TransactionBolt","17212.0","2246090.253","20151024"
"StaffMemberBolt","23.0","68358.61299999998","20151024"
"DataLimitingBolt","4.864173894E9","2827875.5689998944","20151024"
"ItemReminderTypeBolt","65.0","152675.917","20151024"
"MedicalReminderBolt","14218.0","345475.402","20151024"
"AppointmentBolt","15438.0","345435.4770000001","20151024"
"AmqpQueueWriterBolt","379545.0","3263198.980000002","20151024"
"PrescriptionBolt","13008.0","345437.364","20151024"
"PracticeBolt","674.0","85720.331","20151024"
"LabResultHeaderBolt","11631.0","345491.8949999999","20151024"
"PersistenceRoutingBolt","1182214.0","691181.0059999997","20151024"
"FieldMapperBolt","1182207.0","259188.77500000005","20151024"
"PracticePatientImageBolt","754.0","84653.54099999997","20151024"
